base	freq	perc
A	8736	29.2144600876166
C	5365	17.9413436778919
T	9411	31.4717586864194
G	5735	19.178677724643
N	656	2.19375982342909
