base	freq	perc
A	7984	26.6996622412467
C	4924	16.4665752600074
T	8577	28.6827408621209
G	5279	17.653747115674
N	3139	10.4972745209511
