base	freq	perc
A	7984	26.6996622412467
C	4924	16.4665752600074
T	8576	28.6793967160486
G	5280	17.6570912617463
N	3139	10.4972745209511
