base	freq	perc
A	8649	28.9235193793265
C	5322	17.7975453967829
T	9323	31.177473832057
G	5682	19.0014379828111
N	927	3.10002340902251
