base	freq	perc
A	8650	28.9268635253988
C	5324	17.8042336889275
T	9321	31.1707855399124
G	5681	18.9980938367388
N	927	3.10002340902251
