REGION	POS	REF	ALT	REF_DP	REF_RV	REF_QUAL	ALT_DP	ALT_RV	ALT_QUAL	ALT_FREQ	TOTAL_DP	PVAL	PASS	GFF_FEATURE	REF_CODON	REF_AA	ALT_CODON	ALT_AA
NC_045512.2	1875	C	T	30	17	37	13	7	38	0.295455	44	4.20246e-05	TRUE	cds-YP_009724389.1	GCA	A	GTA	V
NC_045512.2	1875	C	T	30	17	37	13	7	38	0.295455	44	4.20246e-05	TRUE	cds-YP_009725295.1	GCA	A	GTA	V
NC_045512.2	9477	T	A	0	0	0	28	13	37	1	28	2.61483e-16	TRUE	cds-YP_009724389.1	TTT	F	TAT	Y
NC_045512.2	9477	T	A	0	0	0	28	13	37	1	28	2.61483e-16	TRUE	cds-YP_009725295.1	TTT	F	TAT	Y
NC_045512.2	14805	C	T	0	0	0	67	34	37	1	67	1.33485e-39	TRUE	cds-YP_009724389.1	TAC	Y	TAT	Y
NC_045512.2	25979	G	T	0	0	0	18	2	38	1	18	2.20382e-10	TRUE	cds-YP_009724391.1	GGA	G	GTA	V
NC_045512.2	28144	T	C	0	0	0	40	11	37	1	40	1.86034e-23	TRUE	cds-YP_009724396.1	TTA	L	TCA	S
NC_045512.2	28657	C	T	0	0	0	24	7	37	1	24	6.20201e-14	TRUE	cds-YP_009724397.2	GAC	D	GAT	D
NC_045512.2	28863	C	T	0	0	0	31	20	37	1	31	4.29712e-18	TRUE	cds-YP_009724397.2	TCA	S	TTA	L
