REGION	POS	REF	ALT	REF_DP	REF_RV	REF_QUAL	ALT_DP	ALT_RV	ALT_QUAL	ALT_FREQ	TOTAL_DP	PVAL	PASS	GFF_FEATURE	REF_CODON	REF_AA	ALT_CODON	ALT_AA
NC_045512.2	241	C	T	0	0	0	44	20	37	1	44	7.61948e-26	TRUE	NA	NA	NA	NA	NA
NC_045512.2	1875	C	T	45	26	37	23	17	37	0.333333	69	1.2642e-08	TRUE	cds-YP_009724389.1	GCA	A	GTA	V
NC_045512.2	1875	C	T	45	26	37	23	17	37	0.333333	69	1.2642e-08	TRUE	cds-YP_009725295.1	GCA	A	GTA	V
NC_045512.2	3037	C	T	0	0	0	48	20	37	1	48	3.10797e-28	TRUE	cds-YP_009724389.1	TTC	F	TTT	F
NC_045512.2	3037	C	T	0	0	0	48	20	37	1	48	3.10797e-28	TRUE	cds-YP_009725295.1	TTC	F	TTT	F
NC_045512.2	4635	T	-A	11	4	37	3	0	20	0.272727	11	0.179842	FALSE	NA	NA	NA	NA	NA
NC_045512.2	11719	G	A	7	5	37	63	40	37	0.9	70	4.66034e-32	TRUE	cds-YP_009724389.1	CAG	Q	CAA	Q
NC_045512.2	11719	G	A	7	5	37	63	40	37	0.9	70	4.66034e-32	TRUE	cds-YP_009725295.1	CAG	Q	CAA	Q
NC_045512.2	14408	C	T	0	0	0	93	41	37	1	93	3.49021e-55	TRUE	cds-YP_009724389.1	CCT	P	CTT	L
NC_045512.2	18595	T	-G	47	31	37	14	0	20	0.297872	47	0.000185102	TRUE	NA	NA	NA	NA	NA
NC_045512.2	20268	A	G	0	0	0	67	10	37	1	67	1.33485e-39	TRUE	cds-YP_009724389.1	TTA	L	TTG	L
NC_045512.2	23403	A	G	2	0	38	186	78	37	0.989362	188	5.61415e-108	TRUE	cds-YP_009724390.1	GAT	D	GGT	G
