base	freq	perc
A	7838	26.3179101470687
C	4823	16.1943455778658
T	8531	28.6448190181989
G	5157	17.3158283526963
N	3055	10.2578738835538
B	11	0.0369350614465113
D	22	0.0738701228930226
H	17	0.0570814585991539
K	61	0.204821704385199
M	47	0.157813444362367
R	37	0.124236115774629
S	30	0.100731985763213
V	10	0.0335773285877376
W	90	0.302195957289638
Y	53	0.177959841515009
