base	freq	perc
A	7536	25.4173833856117
C	4665	15.7340888394212
T	8155	27.5051435124287
G	5034	16.9786502074269
N	4257	14.357988465041
R	1	0.00337279503524571
Y	1	0.00337279503524571
