base	freq	perc
A	8692	29.1854140084615
C	5326	17.883285205829
T	9333	31.3377207709355
G	5693	19.115573164999
N	736	2.47129138405748
R	1	0.00335773285877376
Y	1	0.00335773285877376
