base	freq	perc
A	8691	29.1820562756027
C	5326	17.883285205829
T	9333	31.3377207709355
G	5693	19.115573164999
N	736	2.47129138405748
R	1	0.00335773285877376
W	1	0.00335773285877376
Y	1	0.00335773285877376
