base	freq	perc
A	7752	26.0291451212142
C	4724	15.8619300248472
T	8413	28.2486065408636
G	5065	17.0069169296891
N	3065	10.2914512121416
B	26	0.0873010543281177
D	43	0.144382512927272
H	39	0.130951581492176
K	118	0.396212477335303
M	96	0.322342354442281
R	80	0.2686186287019
S	54	0.181317574373783
V	20	0.0671546571754751
W	183	0.614465113155597
Y	104	0.349204217312471
